{"cameraMode":{"drawMode":0,"name":"Shaded","section":"Shading Mode"},"sceneLighting":false,"audioPlay":false,"sceneViewState":{"m_AlwaysRefresh":false,"showFog":true,"showSkybox":false,"showFlares":true,"showImageEffects":true,"showParticleSystems":true,"showVisualEffectGraphs":true,"m_FxEnabled":true},"in2DMode":false,"pivot":{"x":0.05422675609588623,"y":-0.15894579887390138,"z":0.9786548614501953},"rotation":{"x":-0.12399400770664215,"y":-0.06654616445302963,"z":0.008334806188941002,"w":-0.9900153875350952},"size":10.827250480651856,"orthographic":false}